<?xml version="1.0" encoding="UTF-8"?>
<rules
  xmlns="http://namespaces.plone.org/diazo"
  xmlns:css="http://namespaces.plone.org/diazo/css"
  xmlns:xsl="http://www.w3.org/1999/XSL/Transform">

  <!-- Prevent theme usage in zmi-->
  <rules css:if-content="#visual-portal-wrapper">
    <theme href="index.html" />
  </rules>

  <notheme if-path="presentation_view"/>
  <notheme if-path="source_editor.htm"/>
  <notheme if-path="ploneimage.htm"/>
  <notheme if-path="anchor.htm"/>
  <notheme if-path="table.htm"/>
  <notheme if-path="attributes.htm"/>

  <drop content='//*[@id="portal-breadcrumbs"]' />
  <replace content="/html/head/title" theme="/html/head/title" />
  <replace content="/html/head/base" theme="/html/head/base" />
  <replace content="/html/head/meta" theme="/html/head/meta" />
  <prepend content='/html/head' theme='/html/head' />
  <copy attributes="id class dir" css:theme="body" css:content="body"/>
  <prepend css:content="#portal-searchbox" css:theme="#quick-search" />
  <append content='//*[@id="portal-globalnav"]' theme='//*[@id="nav"]' />
  <drop attributes="id" css:content="#portal-globalnav"/>
  <prepend content='//*[@id="portal-personaltools-wrapper"]' theme='//*[@id="container"]' />
  <prepend css:content="#viewlet-above-content" css:theme="#text"/>
  <before css:content="#edit-bar" css:theme="#text"/>

  <copy css:content-children="#portal-columns" css:theme="#main"/>

  <after css:content="#viewlet-below-content" css:theme-children="#text"/>
  <copy content-children='//*[@id="portal-column-one"]' theme='//*[@id="sidebar"]' />

  <!-- Footer menu items -->
  <copy css:content-children="#portal-siteactions" 
        css:theme="#foot-menu ul" />
  <append css:content-children=".documentActions ul"
          css:theme="#foot-menu ul" />
  <drop css:content=".documentActions"/>
  <!-- Don't put the login link in the footer
  <prepend css:content="#anon-personalbar" css:theme="#foot-menu ul"/>
  -->
  <drop css:theme=".col-two"/>
  <drop css:theme=".col-three"/>

</rules>
